,pcd,oseast1m,osnrth1m,pconcd,pconnm,pconnmw
3069,AB106HA,392948,805109,S14000061,Aberdeen South,
3689,AB115QH,394404,805437,S14000061,Aberdeen South,
4605,AB123LL,393340,800940,S14000061,Aberdeen South,
5556,AB130EH,385704,801808,S14000061,Aberdeen South,
5636,AB140LA,383616,801140,S14000061,Aberdeen South,
6641,AB158JX,390048,805242,S14000061,Aberdeen South,
7311,AB165TY,390620,807656,S14000060,Aberdeen North,
11131,AB210BG,387958,813521,S14000060,Aberdeen North,
12340,AB228UD,392761,810671,S14000060,Aberdeen North,
12494,AB238BR,395131,813700,S14000060,Aberdeen North,
13398,AB243YS,393516,808106,S14000060,Aberdeen North,
14146,AB252QT,393197,806862,S14000060,Aberdeen North,
16744,AB301EL,371187,772849,S14000111,West Aberdeenshire and Kincardine,
17394,AB314BX,368583,797856,S14000111,West Aberdeenshire and Kincardine,
18424,AB326XR,381034,806883,S14000111,West Aberdeenshire and Kincardine,
18713,AB338NP,354926,815718,S14000091,Gordon and Buchan,
19079,AB345JQ,351095,801026,S14000111,West Aberdeenshire and Kincardine,
19259,AB355SX,330305,795883,S14000111,West Aberdeenshire and Kincardine,
19386,AB368UT,335113,812134,S14000111,West Aberdeenshire and Kincardine,
19451,AB379DL,319916,828042,S14000098,"Moray West, Nairn and Strathspey",
19669,AB389SB,326468,844532,S14000098,"Moray West, Nairn and Strathspey",
20102,AB393QA,387134,787598,S14000111,West Aberdeenshire and Kincardine,
24320,AB419FG,394040,831277,S14000091,Gordon and Buchan,
25300,AB423LE,406781,845456,S14000062,Aberdeenshire North and Moray East,
27677,AB437AL,397495,862838,S14000062,Aberdeenshire North and Moray East,
28360,AB441NJ,370724,864364,S14000062,Aberdeenshire North and Moray East,
28955,AB453AB,365669,862558,S14000062,Aberdeenshire North and Moray East,
33221,AB515RY,375805,821927,S14000091,Gordon and Buchan,
33999,AB526LB,363354,828368,S14000091,Gordon and Buchan,
35109,AB538DU,376245,848715,S14000091,Gordon and Buchan,
35975,AB546JN,354830,840805,S14000091,Gordon and Buchan,
36860,AB555HT,340832,848257,S14000062,Aberdeenshire North and Moray East,
37746,AB564DD,344478,865695,S14000062,Aberdeenshire North and Moray East,
607385,DD11PS,339910,730300,S14000075,Dundee Central,
609154,DD109ER,372744,762085,S14000065,Angus and Perthshire Glens,
610067,DD114JN,363291,742423,S14000066,Arbroath and Broughty Ferry,
611474,DD24DJ,336576,731337,S14000075,Dundee Central,
613080,DD38QF,339118,732818,S14000075,Dundee Central,
614375,DD48JG,342444,732561,S14000075,Dundee Central,
615473,DD53JN,347203,732291,S14000066,Arbroath and Broughty Ferry,
616189,DD68QZ,343309,727307,S14000100,North East Fife,
616586,DD77BD,355776,734764,S14000066,Arbroath and Broughty Ferry,
617039,DD81PF,343109,751562,S14000065,Angus and Perthshire Glens,
618614,DD97QU,359569,762126,S14000065,Angus and Perthshire Glens,
650109,DG13PF,299100,576794,S14000073,Dumfries and Galloway,
650951,DG109SF,308355,603665,S14000074,"Dumfriesshire, Clydesdale and Tweeddale",
651433,DG112PJ,315370,580566,S14000074,"Dumfriesshire, Clydesdale and Tweeddale",
651784,DG125HX,320041,566901,S14000074,"Dumfriesshire, Clydesdale and Tweeddale",
652332,DG130NY,334394,586824,S14000074,"Dumfriesshire, Clydesdale and Tweeddale",
652436,DG140XQ,337663,576771,S14000074,"Dumfriesshire, Clydesdale and Tweeddale",
653287,DG28PS,294524,575294,S14000073,Dumfries and Galloway,
653619,DG34BQ,285859,595111,S14000074,"Dumfriesshire, Clydesdale and Tweeddale",
653988,DG46JP,276280,611267,S14000074,"Dumfriesshire, Clydesdale and Tweeddale",
654300,DG54QX,283651,560138,S14000073,Dumfries and Galloway,
654446,DG64JX,268126,551009,S14000073,Dumfries and Galloway,
655019,DG72LU,271927,566178,S14000073,Dumfries and Galloway,
656124,DG89DJ,239503,556587,S14000073,Dumfries and Galloway,
656907,DG98LY,206495,557969,S14000073,Dumfries and Galloway,
780644,EH11BL,325678,673710,S14000078,Edinburgh East and Musselburgh,
782113,EH106EW,324423,670313,S14000080,Edinburgh South,
783297,EH113HT,321776,671789,S14000081,Edinburgh South West,
784626,EH126NR,320396,672804,S14000082,Edinburgh West,
785621,EH130AF,322382,668883,S14000081,Edinburgh South West,
786682,EH143DE,319785,669259,S14000081,Edinburgh South West,
787897,EH153AP,330877,673111,S14000078,Edinburgh East and Musselburgh,
788781,EH165RP,327885,670495,S14000080,Edinburgh South,
789770,EH178LW,328652,668820,S14000080,Edinburgh South,
790071,EH181HX,329785,665491,S14000045,Midlothian,
790395,EH193HE,330948,664912,S14000045,Midlothian,
790866,EH22LT,326043,677045,S14000079,Edinburgh North and Leith,
791528,EH209LU,327698,665674,S14000045,Midlothian,
791970,EH217AR,334667,672273,S14000078,Edinburgh East and Musselburgh,
792920,EH222GS,334077,666343,S14000045,Midlothian,
793988,EH234JU,334468,661180,S14000045,Midlothian,
794226,EH249DL,328963,662395,S14000045,Midlothian,
794331,EH259NZ,326716,663445,S14000045,Midlothian,
794463,EH260DA,323384,660615,S14000045,Midlothian,
795074,EH278AX,311510,667257,S14000095,Livingston,
795241,EH288QU,313290,671584,S14000082,Edinburgh West,
795336,EH299AR,312421,674668,S14000082,Edinburgh West,
795891,EH36DH,324793,674110,S14000079,Edinburgh North and Leith,
797119,EH309PY,313025,677858,S14000082,Edinburgh West,
797328,EH312DP,348559,682925,S14000096,Lothian East,
797661,EH320UA,340707,675304,S14000096,Lothian East,
798231,EH332BD,340987,672486,S14000096,Lothian East,
798532,EH345HQ,344991,668843,S14000096,Lothian East,
798590,EH355LF,341096,668986,S14000096,Lothian East,
798631,EH365PX,346234,662441,S14000096,Lothian East,
798634,EH375PP,339891,663676,S14000045,Midlothian,
798739,EH385YB,340292,654219,S14000108,"Berwickshire, Roxburgh and Selkirk",
799119,EH395JA,354406,684291,S14000096,Lothian East,
800557,EH45DH,321358,675104,S14000082,Edinburgh West,
801478,EH403AX,358829,677637,S14000096,Lothian East,
801813,EH414AA,351798,673104,S14000096,Lothian East,
802434,EH421XU,367303,677770,S14000096,Lothian East,
802488,EH436AQ,336399,637159,S14000074,"Dumfriesshire, Clydesdale and Tweeddale",
802509,EH446HD,333093,636649,S14000074,"Dumfriesshire, Clydesdale and Tweeddale",
802691,EH458DG,325158,640753,S14000074,"Dumfriesshire, Clydesdale and Tweeddale",
803104,EH467BS,314853,649950,S14000074,"Dumfriesshire, Clydesdale and Tweeddale",
803847,EH478RX,296281,664040,S14000068,Bathgate and Linlithgow,
804317,EH482BY,296138,668583,S14000068,Bathgate and Linlithgow,
805455,EH497ED,300295,677112,S14000068,Bathgate and Linlithgow,
806013,EH52BL,323859,676543,S14000079,Edinburgh North and Leith,
806713,EH519BJ,299982,681005,S14000068,Bathgate and Linlithgow,
807594,EH526XR,307378,672702,S14000095,Livingston,
807686,EH530EA,307771,667610,S14000095,Livingston,
808568,EH546PP,304843,667577,S14000095,Livingston,
809473,EH558HF,301343,662658,S14000095,Livingston,
810122,EH65JF,326720,676108,S14000079,Edinburgh North and Leith,
811888,EH76DS,327731,674816,S14000078,Edinburgh East and Musselburgh,
812700,EH88HG,327175,674025,S14000078,Edinburgh East and Musselburgh,
813609,EH92RB,326005,671721,S14000080,Edinburgh South,
857357,FK15RE,288189,678506,S14000083,Falkirk,
857814,FK101RR,289162,692967,S14000064,Alloa and Grangemouth,
858717,FK117AJ,284994,696827,S14000064,Alloa and Grangemouth,
858854,FK125EF,288189,697038,S14000064,Alloa and Grangemouth,
859091,FK136NR,292014,696791,S14000064,Alloa and Grangemouth,
859340,FK147PQ,297490,698447,S14000076,Dunfermline and Dollar,
859483,FK150JE,279461,703373,S14000105,Stirling and Strathallan,
859927,FK166JQ,272129,701769,S14000105,Stirling and Strathallan,
859955,FK178AZ,262660,707507,S14000105,Stirling and Strathallan,
860100,FK188NA,256145,717162,S14000105,Stirling and Strathallan,
860112,FK198NT,257820,722391,S14000105,Stirling and Strathallan,
861277,FK29EE,290747,680521,S14000083,Falkirk,
861559,FK208RU,236259,727384,S14000105,Stirling and Strathallan,
861619,FK218XA,257092,732822,S14000105,Stirling and Strathallan,
861851,FK38JB,292822,681183,S14000064,Alloa and Grangemouth,
862429,FK41QF,280938,680026,S14000083,Falkirk,
862811,FK54BS,286580,683025,S14000064,Alloa and Grangemouth,
863379,FK66AH,280717,682635,S14000083,Falkirk,
863657,FK70EN,280717,690789,S14000105,Stirling and Strathallan,
865283,FK83AY,272227,694751,S14000105,Stirling and Strathallan,
865600,FK94DQ,279334,696396,S14000105,Stirling and Strathallan,
876565,G11UP,259359,665161,S14000084,Glasgow East,
878063,G117HR,255374,666909,S14000089,Glasgow West,
879169,G129PE,256187,667630,S14000089,Glasgow West,
880060,G133PY,253203,669222,S14000089,Glasgow West,
880836,G149FD,253018,667759,S14000089,Glasgow West,
881276,G157EP,252162,671166,S14000089,Glasgow West,
882811,G25SP,258615,665535,S14000085,Glasgow North,
884716,G208NE,257281,668200,S14000085,Glasgow North,
885929,G214NQ,261208,667523,S14000086,Glasgow North East,
886484,G226SR,259322,668711,S14000085,Glasgow North,
886837,G235JT,257246,670039,S14000085,Glasgow North,
887315,G37NB,257495,665957,S14000085,Glasgow North,
888115,G311PG,261864,664859,S14000086,Glasgow North East,
889803,G327UZ,264580,663843,S14000084,Glasgow East,
891010,G333TE,264575,666608,S14000086,Glasgow North East,
892025,G349JX,267896,665856,S14000086,Glasgow North East,
892208,G40JE,259413,666129,S14000085,Glasgow North,
893471,G404LQ,260867,663960,S14000084,Glasgow East,
894535,G414LQ,257015,662809,S14000088,Glasgow South West,
895417,G428DR,258694,662280,S14000084,Glasgow East,
896500,G432YQ,256598,660697,S14000087,Glasgow South,
897264,G445TU,258710,660170,S14000087,Glasgow South,
897524,G459BA,260175,659100,S14000087,Glasgow South,
898105,G467BY,255479,659100,S14000021,East Renfrewshire,
898757,G50DL,259056,663987,S14000084,Glasgow East,
900068,G513HL,255099,665056,S14000088,Glasgow South West,
900933,G522BS,252944,664137,S14000101,Paisley and Renfrewshire North,
902013,G536AW,252734,661176,S14000088,Glasgow South West,
902763,G605JD,246532,672786,S14000106,West Dunbartonshire,
903312,G612SW,254376,672040,S14000097,Mid Dunbartonshire,
904430,G628PN,255165,674662,S14000097,Mid Dunbartonshire,
904902,G639PY,253023,685695,S14000105,Stirling and Strathallan,
905505,G642NS,261458,670898,S14000097,Mid Dunbartonshire,
906057,G650LT,271711,677545,S14000072,Cumbernauld and Kirkintilloch,
906816,G661PH,265495,674088,S14000097,Mid Dunbartonshire,
908206,G671BJ,275995,674376,S14000072,Cumbernauld and Kirkintilloch,
909408,G689BS,274090,675055,S14000072,Cumbernauld and Kirkintilloch,
910527,G698FH,268463,667076,S14000086,Glasgow North East,
911235,G717AD,270097,660729,S14000104,Rutherglen,
913030,G728YE,266604,658633,S14000104,Rutherglen,
914060,G733QG,261818,660663,S14000104,Rutherglen,
915396,G744FJ,263636,654944,S14000077,East Kilbride and Strathaven,
916832,G759DU,262206,652950,S14000077,East Kilbride and Strathaven,
917634,G768QD,257579,656173,S14000021,East Renfrewshire,
918200,G776DS,253894,655881,S14000021,East Renfrewshire,
918768,G781LF,248917,658170,S14000021,East Renfrewshire,
920075,G813HP,249666,671535,S14000106,West Dunbartonshire,
921136,G822RF,239493,676067,S14000106,West Dunbartonshire,
922312,G838QX,238871,681991,S14000106,West Dunbartonshire,
923363,G848TH,228317,683362,S14000067,"Argyll, Bute and South Lochaber",
1055063,HS12LP,142714,933260,S14000027,Na h-Eileanan an Iar,
1055452,HS20SD,141500,937353,S14000027,Na h-Eileanan an Iar,
1055697,HS33DR,114732,897986,S14000027,Na h-Eileanan an Iar,
1055738,HS43XU,121491,896644,S14000027,Na h-Eileanan an Iar,
1055757,HS53UA,101849,886387,S14000027,Na h-Eileanan an Iar,
1055830,HS65HA,83738,865204,S14000027,Na h-Eileanan an Iar,
1055891,HS75QB,78980,851707,S14000027,Na h-Eileanan an Iar,
1055956,HS85SN,77968,828715,S14000027,Na h-Eileanan an Iar,
1055989,HS95UH,67682,798487,S14000027,Na h-Eileanan an Iar,
1117180,IV11NZ,266533,846191,S14000094,"Inverness, Skye and West Ross-shire",
1118033,IV108SA,272839,856895,S14000069,"Caithness, Sutherland and Easter Ross",
1118156,IV118YZ,278464,867240,S14000069,"Caithness, Sutherland and Easter Ross",
1118588,IV125SQ,288703,855322,S14000098,"Moray West, Nairn and Strathspey",
1118682,IV137YT,279101,829670,S14000094,"Inverness, Skye and West Ross-shire",
1118728,IV149DB,247719,857799,S14000069,"Caithness, Sutherland and Easter Ross",
1118910,IV159PR,254692,859069,S14000069,"Caithness, Sutherland and Easter Ross",
1119105,IV169XX,260654,866230,S14000069,"Caithness, Sutherland and Easter Ross",
1119171,IV170QP,265365,869925,S14000069,"Caithness, Sutherland and Easter Ross",
1119422,IV180HZ,271831,869641,S14000069,"Caithness, Sutherland and Easter Ross",
1119641,IV191FD,277359,881281,S14000069,"Caithness, Sutherland and Easter Ross",
1120626,IV25HA,268802,843901,S14000094,"Inverness, Skye and West Ross-shire",
1121293,IV201TN,287141,879204,S14000069,"Caithness, Sutherland and Easter Ross",
1121406,IV212DB,178526,877603,S14000094,"Inverness, Skye and West Ross-shire",
1121480,IV222LB,187352,878633,S14000094,"Inverness, Skye and West Ross-shire",
1121520,IV232PJ,220878,877698,S14000069,"Caithness, Sutherland and Easter Ross",
1121586,IV243AQ,260694,891461,S14000069,"Caithness, Sutherland and Easter Ross",
1121642,IV253HS,278920,890270,S14000069,"Caithness, Sutherland and Easter Ross",
1121813,IV262TN,210842,898107,S14000069,"Caithness, Sutherland and Easter Ross",
1121990,IV274NZ,234653,936077,S14000069,"Caithness, Sutherland and Easter Ross",
1122103,IV283XF,273232,904157,S14000069,"Caithness, Sutherland and Easter Ross",
1122310,IV35RL,265429,845124,S14000094,"Inverness, Skye and West Ross-shire",
1124184,IV304ND,320835,863410,S14000098,"Moray West, Nairn and Strathspey",
1125057,IV316EB,323198,870424,S14000098,"Moray West, Nairn and Strathspey",
1125330,IV327GZ,333793,859835,S14000098,"Moray West, Nairn and Strathspey",
1125979,IV361DN,304006,858787,S14000098,"Moray West, Nairn and Strathspey",
1126609,IV47JP,247758,842024,S14000069,"Caithness, Sutherland and Easter Ross",
1126707,IV408DN,179791,827534,S14000094,"Inverness, Skye and West Ross-shire",
1126812,IV418PJ,174876,826434,S14000094,"Inverness, Skye and West Ross-shire",
1126825,IV428PY,167919,823231,S14000094,"Inverness, Skye and West Ross-shire",
1126843,IV438QW,170101,813737,S14000094,"Inverness, Skye and West Ross-shire",
1126850,IV448RD,166452,808330,S14000094,"Inverness, Skye and West Ross-shire",
1126870,IV458RU,162840,803122,S14000094,"Inverness, Skye and West Ross-shire",
1126877,IV468SB,159129,808822,S14000094,"Inverness, Skye and West Ross-shire",
1126891,IV478ST,138737,831165,S14000094,"Inverness, Skye and West Ross-shire",
1126901,IV488TD,152425,831995,S14000094,"Inverness, Skye and West Ross-shire",
1126915,IV499AS,162107,820896,S14000094,"Inverness, Skye and West Ross-shire",
1126970,IV57PG,255285,844516,S14000069,"Caithness, Sutherland and Easter Ross",
1127147,IV519PE,144704,848330,S14000094,"Inverness, Skye and West Ross-shire",
1127308,IV528TP,180246,833222,S14000094,"Inverness, Skye and West Ross-shire",
1127328,IV538UU,185594,833634,S14000094,"Inverness, Skye and West Ross-shire",
1127355,IV548UY,184305,844118,S14000094,"Inverness, Skye and West Ross-shire",
1127420,IV558WF,124262,850794,S14000094,"Inverness, Skye and West Ross-shire",
1127458,IV568FB,134489,838182,S14000094,"Inverness, Skye and West Ross-shire",
1127551,IV67TG,252754,850778,S14000069,"Caithness, Sutherland and Easter Ross",
1127688,IV636XW,249138,827484,S14000094,"Inverness, Skye and West Ross-shire",
1127820,IV78HX,257564,856852,S14000069,"Caithness, Sutherland and Easter Ross",
1127907,IV88PB,264307,853676,S14000069,"Caithness, Sutherland and Easter Ross",
1127949,IV98QW,269826,855314,S14000069,"Caithness, Sutherland and Easter Ross",
1128779,KA14DX,242766,636361,S14000110,Kilmarnock and Loudoun,
1129549,KA106PE,232998,631603,S14000109,Central Ayrshire,
1130060,KA111JG,234575,639185,S14000109,Central Ayrshire,
1130803,KA120TN,232244,639491,S14000109,Central Ayrshire,
1131711,KA137DB,230209,643510,S14000048,North Ayrshire and Arran,
1131918,KA143AY,232297,652745,S14000048,North Ayrshire and Arran,
1132011,KA151EN,235143,653676,S14000048,North Ayrshire and Arran,
1132301,KA169HB,253472,637358,S14000110,Kilmarnock and Loudoun,
1132383,KA170AY,256536,637573,S14000110,Kilmarnock and Loudoun,
1132697,KA181NT,258100,619747,S14000107,"Ayr, Carrick and Cumnock",
1133518,KA197PD,230955,609329,S14000107,"Ayr, Carrick and Cumnock",
1133929,KA29BZ,237775,636714,S14000109,Central Ayrshire,
1134018,KA203AN,226921,642114,S14000048,North Ayrshire and Arran,
1134534,KA215SF,224849,642186,S14000048,North Ayrshire and Arran,
1134832,KA227GQ,223355,643246,S14000048,North Ayrshire and Arran,
1135233,KA239HB,220455,648218,S14000048,North Ayrshire and Arran,
1135525,KA245AZ,229480,649509,S14000048,North Ayrshire and Arran,
1135640,KA256AB,231353,654401,S14000048,North Ayrshire and Arran,
1135969,KA260HJ,219090,594987,S14000107,"Ayr, Carrick and Cumnock",
1136522,KA278NT,201447,630540,S14000048,North Ayrshire and Arran,
1136642,KA280DH,216489,655023,S14000048,North Ayrshire and Arran,
1136711,KA290BJ,220959,655130,S14000048,North Ayrshire and Arran,
1137159,KA32LJ,243218,641961,S14000110,Kilmarnock and Loudoun,
1138424,KA309AH,220581,659668,S14000048,North Ayrshire and Arran,
1138637,KA48DT,250021,636443,S14000110,Kilmarnock and Loudoun,
1138788,KA55AU,249444,626756,S14000110,Kilmarnock and Loudoun,
1139461,KA66HE,241597,617530,S14000107,"Ayr, Carrick and Cumnock",
1140294,KA72SU,233758,620245,S14000107,"Ayr, Carrick and Cumnock",
1141652,KA89LW,234983,622920,S14000107,"Ayr, Carrick and Cumnock",
1141914,KA91LT,235447,625770,S14000109,Central Ayrshire,
1165280,KW14RQ,335308,952699,S14000069,"Caithness, Sutherland and Easter Ross",
1165602,KW106TH,283150,900069,S14000069,"Caithness, Sutherland and Easter Ross",
1165630,KW116UF,278151,938665,S14000069,"Caithness, Sutherland and Easter Ross",
1165677,KW126YG,313156,958750,S14000069,"Caithness, Sutherland and Easter Ross",
1165689,KW136YT,289662,952932,S14000069,"Caithness, Sutherland and Easter Ross",
1165810,KW147LH,310267,967568,S14000069,"Caithness, Sutherland and Easter Ross",
1166359,KW151JW,344935,1010652,S14000051,Orkney and Shetland,
1166731,KW163JJ,325935,1008759,S14000051,Orkney and Shetland,
1166929,KW172PB,341651,1019031,S14000051,Orkney and Shetland,
1167049,KW26AB,332003,940398,S14000069,"Caithness, Sutherland and Easter Ross",
1167075,KW36BL,324753,936044,S14000069,"Caithness, Sutherland and Easter Ross",
1167098,KW56DQ,318553,934042,S14000069,"Caithness, Sutherland and Easter Ross",
1167119,KW66ET,315411,930023,S14000069,"Caithness, Sutherland and Easter Ross",
1167127,KW76HE,311792,922742,S14000069,"Caithness, Sutherland and Easter Ross",
1167129,KW86HH,302048,915428,S14000069,"Caithness, Sutherland and Easter Ross",
1167174,KW96LA,290430,904230,S14000069,"Caithness, Sutherland and Easter Ross",
1167625,KY12BY,329387,693480,S14000071,Cowdenbeath and Kirkcaldy,
1168718,KY103YN,356866,704104,S14000100,North East Fife,
1170347,KY118PF,311926,684872,S14000076,Dunfermline and Dollar,
1171567,KY128BA,306864,687742,S14000076,Dunfermline and Dollar,
1172881,KY138NE,311248,702623,S14000103,Perth and Kinross-shire,
1173286,KY147EQ,323742,713687,S14000100,North East Fife,
1173875,KY155RS,334702,712826,S14000100,North East Fife,
1175047,KY169SU,349565,716745,S14000100,North East Fife,
1175509,KY26AT,326513,692940,S14000071,Cowdenbeath and Kirkcaldy,
1175995,KY30EL,323390,686313,S14000071,Cowdenbeath and Kirkcaldy,
1176865,KY49PS,315255,692131,S14000071,Cowdenbeath and Kirkcaldy,
1176939,KY50AD,319829,695825,S14000090,Glenrothes and Mid Fife,
1177578,KY61LP,325655,701144,S14000090,Glenrothes and Mid Fife,
1178435,KY75PZ,328317,701212,S14000090,Glenrothes and Mid Fife,
1179741,KY84AH,337240,700999,S14000100,North East Fife,
1180528,KY91LF,348458,702061,S14000100,North East Fife,
1463967,ML14BP,276366,657869,S14000099,"Motherwell, Wishaw and Carluke",
1464874,ML106DX,269788,644753,S14000077,East Kilbride and Strathaven,
1466114,ML119DA,287678,642895,S14000092,Hamilton and Clyde Valley,
1466593,ML126HP,299214,631573,S14000074,"Dumfriesshire, Clydesdale and Tweeddale",
1467184,ML27BU,280025,655358,S14000099,"Motherwell, Wishaw and Carluke",
1468529,ML36PY,271300,655088,S14000092,Hamilton and Clyde Valley,
1469627,ML41AB,273420,660237,S14000070,Coatbridge and Bellshill,
1470365,ML51BW,272928,664792,S14000070,Coatbridge and Bellshill,
1472199,ML67EJ,277291,665607,S14000063,Airdrie and Shotts,
1473199,ML74HW,287389,660774,S14000063,Airdrie and Shotts,
1473915,ML85GN,284316,650269,S14000099,"Motherwell, Wishaw and Carluke",
1474335,ML91PS,276539,649675,S14000092,Hamilton and Clyde Valley,
1753813,PA11EG,248710,663960,S14000102,Paisley and Renfrewshire South,
1754670,PA102EW,240323,662921,S14000102,Paisley and Renfrewshire South,
1754780,PA113AU,238438,665638,S14000093,Inverclyde and Renfrewshire West,
1755114,PA124HB,235452,658890,S14000102,Paisley and Renfrewshire South,
1755243,PA134HH,235477,669906,S14000093,Inverclyde and Renfrewshire West,
1755754,PA146DA,233741,673716,S14000093,Inverclyde and Renfrewshire West,
1756761,PA154TU,228513,675563,S14000093,Inverclyde and Renfrewshire West,
1757812,PA169LZ,225146,675791,S14000093,Inverclyde and Renfrewshire West,
1757864,PA175BS,219506,667130,S14000048,North Ayrshire and Arran,
1757969,PA186DW,219327,669900,S14000093,Inverclyde and Renfrewshire West,
1758123,PA191LG,223654,676905,S14000093,Inverclyde and Renfrewshire West,
1758618,PA26HL,247480,662213,S14000102,Paisley and Renfrewshire South,
1759582,PA200EX,208648,664368,S14000067,"Argyll, Bute and South Lochaber",
1759856,PA212BE,197449,672186,S14000067,"Argyll, Bute and South Lochaber",
1759901,PA223AF,200300,681743,S14000067,"Argyll, Bute and South Lochaber",
1760048,PA237PY,216875,677275,S14000067,"Argyll, Bute and South Lochaber",
1760427,PA248AE,219192,699886,S14000067,"Argyll, Bute and South Lochaber",
1760443,PA258BB,212186,707426,S14000067,"Argyll, Bute and South Lochaber",
1760451,PA268BN,218353,711204,S14000067,"Argyll, Bute and South Lochaber",
1760471,PA278DP,207926,700542,S14000067,"Argyll, Bute and South Lochaber",
1760637,PA286NN,171696,621507,S14000067,"Argyll, Bute and South Lochaber",
1760850,PA296YX,182450,661754,S14000067,"Argyll, Bute and South Lochaber",
1760971,PA31PE,246813,664799,S14000101,Paisley and Renfrewshire North,
1761952,PA308EN,185036,685413,S14000067,"Argyll, Bute and South Lochaber",
1762123,PA318SF,185683,689310,S14000067,"Argyll, Bute and South Lochaber",
1762297,PA328XT,207095,705140,S14000067,"Argyll, Bute and South Lochaber",
1762348,PA331BQ,210349,722579,S14000067,"Argyll, Bute and South Lochaber",
1762450,PA344HG,184774,728112,S14000067,"Argyll, Bute and South Lochaber",
1762892,PA351HY,199637,730043,S14000067,"Argyll, Bute and South Lochaber",
1762924,PA364AE,229709,739658,S14000067,"Argyll, Bute and South Lochaber",
1762949,PA371NY,190931,735596,S14000067,"Argyll, Bute and South Lochaber",
1763054,PA384BN,192904,748645,S14000067,"Argyll, Bute and South Lochaber",
1763454,PA48ER,250119,667200,S14000101,Paisley and Renfrewshire North,
1763912,PA417AE,164813,648609,S14000067,"Argyll, Bute and South Lochaber",
1763951,PA427BY,136280,645691,S14000067,"Argyll, Bute and South Lochaber",
1764004,PA437JE,131274,659700,S14000067,"Argyll, Bute and South Lochaber",
1764056,PA447PX,130479,664961,S14000067,"Argyll, Bute and South Lochaber",
1764060,PA457QN,139128,665950,S14000067,"Argyll, Bute and South Lochaber",
1764074,PA467RN,142423,671546,S14000067,"Argyll, Bute and South Lochaber",
1764089,PA477SQ,116850,652256,S14000067,"Argyll, Bute and South Lochaber",
1764099,PA487TN,124922,657917,S14000067,"Argyll, Bute and South Lochaber",
1764118,PA497UT,124546,664568,S14000067,"Argyll, Bute and South Lochaber",
1764494,PA58LR,242845,662673,S14000102,Paisley and Renfrewshire South,
1764934,PA67DR,241256,666545,S14000093,Inverclyde and Renfrewshire West,
1765097,PA607XZ,155849,671707,S14000067,"Argyll, Bute and South Lochaber",
1765101,PA617YP,138927,694173,S14000067,"Argyll, Bute and South Lochaber",
1765108,PA626AA,162185,725210,S14000067,"Argyll, Bute and South Lochaber",
1765109,PA636AH,170695,727251,S14000067,"Argyll, Bute and South Lochaber",
1765111,PA646AP,172861,733384,S14000067,"Argyll, Bute and South Lochaber",
1765117,PA656BB,171309,737802,S14000067,"Argyll, Bute and South Lochaber",
1765123,PA666BL,130335,723256,S14000067,"Argyll, Bute and South Lochaber",
1765138,PA676DP,138140,721706,S14000067,"Argyll, Bute and South Lochaber",
1765147,PA686EJ,145469,735321,S14000067,"Argyll, Bute and South Lochaber",
1765150,PA696ES,148377,728069,S14000067,"Argyll, Bute and South Lochaber",
1765174,PA75BB,243798,671261,S14000101,Paisley and Renfrewshire North,
1765434,PA706HB,152664,727408,S14000067,"Argyll, Bute and South Lochaber",
1765441,PA716HS,155174,739357,S14000067,"Argyll, Bute and South Lochaber",
1765448,PA726JG,157166,743137,S14000067,"Argyll, Bute and South Lochaber",
1765466,PA736LU,143055,743558,S14000067,"Argyll, Bute and South Lochaber",
1765471,PA746NH,140025,745898,S14000067,"Argyll, Bute and South Lochaber",
1765516,PA756QF,146436,751499,S14000067,"Argyll, Bute and South Lochaber",
1765544,PA766SL,128548,724363,S14000067,"Argyll, Bute and South Lochaber",
1765571,PA776UP,99490,744281,S14000067,"Argyll, Bute and South Lochaber",
1765590,PA786SY,122393,757120,S14000067,"Argyll, Bute and South Lochaber",
1765842,PA87JR,246896,670343,S14000101,Paisley and Renfrewshire North,
1765902,PA805XG,169475,748330,S14000067,"Argyll, Bute and South Lochaber",
1766848,PA91BY,239776,660071,S14000102,Paisley and Renfrewshire South,
1807790,PH13XB,309041,726291,S14000103,Perth and Kinross-shire,
1808679,PH106TD,316102,746533,S14000065,Angus and Perthshire Glens,
1809095,PH118LL,323622,749441,S14000065,Angus and Perthshire Glens,
1809225,PH128TJ,329379,742936,S14000065,Angus and Perthshire Glens,
1809373,PH139JB,322109,739420,S14000065,Angus and Perthshire Glens,
1809514,PH149SF,326859,729928,S14000103,Perth and Kinross-shire,
1809660,PH152JL,281347,748181,S14000065,Angus and Perthshire Glens,
1809922,PH165NF,291546,759521,S14000065,Angus and Perthshire Glens,
1810045,PH172QW,254454,758049,S14000065,Angus and Perthshire Glens,
1810072,PH185TN,283887,765912,S14000065,Angus and Perthshire Glens,
1810100,PH191AF,263662,784158,S14000098,"Moray West, Nairn and Strathspey",
1811250,PH27XZ,313591,722073,S14000103,Perth and Kinross-shire,
1811801,PH201BP,270407,798725,S14000098,"Moray West, Nairn and Strathspey",
1811915,PH211LT,278233,801805,S14000098,"Moray West, Nairn and Strathspey",
1811974,PH221LD,290077,813003,S14000098,"Moray West, Nairn and Strathspey",
1812113,PH233AB,290688,822974,S14000098,"Moray West, Nairn and Strathspey",
1812170,PH243BZ,294049,819059,S14000098,"Moray West, Nairn and Strathspey",
1812183,PH253DG,300636,820379,S14000098,"Moray West, Nairn and Strathspey",
1812342,PH263QA,303333,827741,S14000098,"Moray West, Nairn and Strathspey",
1812431,PH31DX,294365,713348,S14000105,Stirling and Strathallan,
1812665,PH304AA,241216,769760,S14000094,"Inverness, Skye and West Ross-shire",
1812672,PH314AN,227722,781488,S14000094,"Inverness, Skye and West Ross-shire",
1812690,PH324BA,237718,809203,S14000094,"Inverness, Skye and West Ross-shire",
1812814,PH336FF,210498,774521,S14000094,"Inverness, Skye and West Ross-shire",
1813291,PH344DX,221026,783961,S14000094,"Inverness, Skye and West Ross-shire",
1813332,PH354HR,219422,801893,S14000094,"Inverness, Skye and West Ross-shire",
1813366,PH364LE,165286,767629,S14000067,"Argyll, Bute and South Lochaber",
1813383,PH374LU,183925,773468,S14000067,"Argyll, Bute and South Lochaber",
1813388,PH384NB,170322,778230,S14000067,"Argyll, Bute and South Lochaber",
1813397,PH394NJ,166215,786554,S14000094,"Inverness, Skye and West Ross-shire",
1813421,PH41QD,289691,709048,S14000105,Stirling and Strathallan,
1813458,PH404PF,168405,792467,S14000094,"Inverness, Skye and West Ross-shire",
1813494,PH414RA,167482,796887,S14000094,"Inverness, Skye and West Ross-shire",
1813506,PH424RL,147855,786594,S14000094,"Inverness, Skye and West Ross-shire",
1813508,PH434RR,140164,799545,S14000094,"Inverness, Skye and West Ross-shire",
1813509,PH444RS,127059,805209,S14000094,"Inverness, Skye and West Ross-shire",
1813514,PH494HN,209324,758603,S14000067,"Argyll, Bute and South Lochaber",
1813562,PH52AJ,286918,716566,S14000103,Perth and Kinross-shire,
1813605,PH504QH,218573,762079,S14000067,"Argyll, Bute and South Lochaber",
1813727,PH62JU,276619,721734,S14000103,Perth and Kinross-shire,
1813970,PH73QB,287239,721578,S14000103,Perth and Kinross-shire,
1814330,PH80JR,301681,742188,S14000065,Angus and Perthshire Glens,
1814371,PH90LH,296739,752210,S14000065,Angus and Perthshire Glens,
2351931,TD12JE,348847,636855,S14000108,"Berwickshire, Roxburgh and Selkirk",
2352394,TD106XW,371670,646723,S14000108,"Berwickshire, Roxburgh and Selkirk",
2352649,TD113SY,379164,654541,S14000108,"Berwickshire, Roxburgh and Selkirk",
2352896,TD124NT,384898,640213,S14000108,"Berwickshire, Roxburgh and Selkirk",
2353057,TD135YW,377048,670808,S14000108,"Berwickshire, Roxburgh and Selkirk",
2353308,TD145TG,393272,663525,S14000108,"Berwickshire, Roxburgh and Selkirk",
2353734,TD152FQ,399050,650676,E14001397,North Northumberland,
2354084,TD26PD,352477,648372,S14000108,"Berwickshire, Roxburgh and Selkirk",
2354210,TD36JZ,364829,645125,S14000108,"Berwickshire, Roxburgh and Selkirk",
2354335,TD46HB,357738,638801,S14000108,"Berwickshire, Roxburgh and Selkirk",
2354688,TD58BH,373619,632504,S14000108,"Berwickshire, Roxburgh and Selkirk",
2355205,TD69HD,356270,632448,S14000108,"Berwickshire, Roxburgh and Selkirk",
2355643,TD75HH,345278,627132,S14000108,"Berwickshire, Roxburgh and Selkirk",
2355887,TD86PZ,365723,620180,S14000108,"Berwickshire, Roxburgh and Selkirk",
2356873,TD99UG,350553,612355,S14000108,"Berwickshire, Roxburgh and Selkirk",
